Name,RouteID
10A - 10A HUNTING POINT-PENT  (2),10A
10A - 10A HUNTING POINT-PENT  (2),10Av1
10B - 10B HUNT POINT-BALL    (156),10B
10B - 10B HUNT POINT-BALL    (156),10Bc
10B - 10B HUNT POINT-BALL    (156),10Bv1
10E - 10E HUNTING POINT-PENT  (2),10E
10R - 10R HUNTING POINT-PENT  (2),10R
10S - 10S HUNTING POINT-PENT  (2),10S
11Y - 11Y MT VERNON EXPRESS (157),11Y
11Y - 11Y MT VERNON EXPRESS (157),11Yc
11Y - 11Y MT VERNON EXPRESS (157),11Yv1
13Y - 13Y ARLINGTON-UNION STA    (3,13Y
15K - 15K CHAIN BRIDGE RD   (27),15K
15K - 15K CHAIN BRIDGE RD   (27),15Kv1
15L - 15L CHAIN BRIDGE RD   (27),15L
15M - 15M GEO. MASON UNIV-TYSONS CR,15M
16A - 16A COLUMBIA PIKE(142),16A
16B - 16B COLUMBIA PIKE(142),16B
16B - 16B COLUMBIA PIKE(142),16Bc
16B - 16B COLUMBIA PIKE(142),16Bv1
16E - 16E COLUMBIA PIKE(142),16E
16E - 16E COLUMBIA PIKE(142),16Ec
16E - 16E COLUMBIA PIKE(142),16Ev1
16G - 16G COL HTS W-PENT CITY (143),16G
16G - 16G COL HTS W-PENT CITY (143),16Gv1
16H - 16H COL HTS W-PENT CITY (143),16H
16H - 16H COL HTS W-PENT CITY (143),16Hc
16H - 16H COL HTS W-PENT CITY (143),16Hv1
16J - 16J COLUMBIA PIKE(142),16J
16K - 16K COL HTS W-PENT CITY (143),16K
16K - 16K COL HTS W-PENT CITY (143),16Kv1
16L - 16L ANN-SKY CITY-PENT (521),16L
16P - 16P COLUMBIA PIKE(142),16P
16X - 16X COL PK - FED. TRIANGLE(14,16X
16X - 16X COL PK - FED. TRIANGLE(14,16Xc
16X - 16X COL PK - FED. TRIANGLE(14,16Xv1
16Y - 16Y COL PK-FARR SQ   (522),16Y
17A - 17A KINGS PARK        (66),17A
17B - 17B KINGS PARK        (66),17B
17F - 17F KINGS PARK        (66),17F
17G - 17G KINGS PK EXPRESS  (61),17G
17H - 17H KINGS PK EXPRESS  (61),17H
17K - 17K KINGS PK EXPRESS  (61),17K
17L - 17L KINGS PK EXPRESS  (61),17L
17M - 17M KINGS PARK        (66),17M
18E - 18E SPRINGFIELD       (116),18E
18F - 18F SPRINGFIELD       (116),18F
18G - 18G ORANGE HUNT       (87),18G
18H - 18H ORANGE HUNT       (87),18H
18J - 18J ORANGE HUNT       (87),18J
18P - 18P BURKE CENTRE      (541),18P
18R - 18R BURKE CENTRE      (541),18R
18S - 18S BURKE CENTRE      (541),18S
18S - 18S BURKE CENTRE      (541),18Sc
1A - 1A WILSON BLVD - VIENNA (137),1A
1A - 1A WILSON BLVD - VIENNA (137),1Av1
1B - 1B WILSON BLVD - VIENNA (137),1B
1C - 1C FAIR OAKS-FAIRFAX BLVD(139),1C
1C - 1C FAIR OAKS-FAIRFAX BLVD(139),1Cc
1C - 1C FAIR OAKS-FAIRFAX BLVD(139),1Cv1
1C - 1C FAIR OAKS-FAIRFAX BLVD(139),1Cv2
1C - 1C FAIR OAKS-FAIRFAX BLVD(139),1Cv3
1E - 1E WILSON BLVD - VIENNA (137),1E
1Z - 1Z WILSON BLVD - VIENNA (137),1Z
21A - 21A LANDMARK-PENTAGON (68),21A
21D - 21D LANDMARK-PENTAGON (68),21D
22A - 22A BARCROFT-S.FAIRLINGTON (5,22A
22A - 22A BARCROFT-S.FAIRLINGTON (5,22Av1
22B - 22B BARCROFT-S.FAIRLINGTON (5,22B
22B - 22B BARCROFT-S.FAIRLINGTON (5,22Bv1
23A - 23A MCLEAN-CRYS CITY  (54),23A
23B - 23B MCLEAN-CRYS CITY  (54),23B
23B - 23B MCLEAN-CRYS CITY  (54),23Bv1
23T - 23T MCLEAN-CRYS CITY  (54),23T
25A - 25A BALL-BRADLEE-PENT (92),25A
25A - 25A BALL-BRADLEE-PENT (92),25Ac
25A - 25A BALL-BRADLEE-PENT (92),25Av1
25B - 25B LANDMARK-BALLSTON (3),25B
25B - 25B LANDMARK-BALLSTON (3),25Bv1
25C - 25C BALL-BRADLEE-PENT (92),25C
25D - 25D BALL-BRADLEE-PENT (92),25D
25E - 25E BALL-BRADLEE-PENT (92),25E
26A - 26A ANNANDALE - EAST FALLS CH,26A
28A - 28A LEESBURG PIKE(5),28A
28A - 28A LEESBURG PIKE(5),28Av2
28F - 28F SKYLINE CITY     (110),28F
28G - 28G SKYLINE CITY     (110),28G
28X - 28X LEESBURG PIKE LTD(23),28X
28X - 28X LEESBURG PIKE LTD(23),28Xc
28X - 28X LEESBURG PIKE LTD(23),28Xv1
29C - 29C ANNANDALE         (8),29C
29G - 29G ANNANDALE         (8),29G
29K - 29K ALEX-FAIRFAX      (4),29K
29K - 29K ALEX-FAIRFAX      (4),29Kv1
29N - 29N ALEX-FAIRFAX      (4),29N
29N - 29N ALEX-FAIRFAX      (4),29Nv1
29W - 29W BRAEBURN DR.- PENT. EXP(5,29W
2A - 2A WASHINGTON BLVD - DUNN LORI,2A
2B - 2B FAIR OAKS-JERMANTOWN RD(128,2B
2B - 2B FAIR OAKS-JERMANTOWN RD(128,2Bc
2B - 2B FAIR OAKS-JERMANTOWN RD(128,2Bv1
2B - 2B FAIR OAKS-JERMANTOWN RD(128,2Bv2
2B - 2B FAIR OAKS-JERMANTOWN RD(128,2Bv3
2T - 2T TYSONS-DUNN LORI  (127),2T
30N - 30N FRIENDSHIP HTS - SOUTHEAS,30N
30S - 30S FRIENDSHIP HTS - SOUTHEAS,30S
31 - 31 WISCONSIN AVE(99),31
32 - 32 PENNSYLVANIA AVE  (93),32
32 - 32 PENNSYLVANIA AVE  (93),32v1
33 - 33 WISCONSIN AVE(99),33
34 - 34 PENNSYLVANIA AVE  (93),34
36 - 36 PENNSYLVANIA AVE  (93),36
37 - 37 WISCONSIN AVE LTD(100),37
38B - 38B BALLSTON-FARR SQ  (12),38B
38B - 38B BALLSTON-FARR SQ  (12),38Bv3
39 - 39 PA AVE LIMITED(42),39
3A - 3A LEE HIGHWAY-FALLS CHURCH   ,3A
3A - 3A LEE HIGHWAY-FALLS CHURCH   ,3Ac
3A - 3A LEE HIGHWAY-FALLS CHURCH   ,3Av1
3T - 3T PIMMIT HILLS-FALLS CHURCH(1,3T
3Y - 3Y LEE HWY-FARR.SQ (138),3Y
42 - 42 MOUNT PLEASANT    (81),42
43 - 43 MOUNT PLEASANT    (81),43
4A - 4A PERSH DR-ARL BLVD (94),4A
4B - 4B PERSH DR-ARL BLVD (94),4B
4B - 4B PERSH DR-ARL BLVD (94),4Bv1
52 - 52 14TH STREET       (52),52
52 - 52 14TH STREET       (52),52cv1
52 - 52 14TH STREET       (52),52cv2
52 - 52 14TH STREET       (52),52v1
52 - 52 14TH STREET       (52),52v2
53 - 53 14TH STREET       (52),53
53 - 53 14TH STREET       (52),53c
53 - 53 14TH STREET       (52),53cv1
53 - 53 14TH STREET       (52),53v1
54 - 54 14TH STREET       (52),54
54 - 54 14TH STREET       (52),54c
54 - 54 14TH STREET       (52),54cv1
54 - 54 14TH STREET       (52),54v1
5A - 5A DC-DULLES         (129),5A
60 - 60 FT TOTT-PETWORTH  (43),60
62 - 62 TAKOMA-PETWORTH   (59),62
62 - 62 TAKOMA-PETWORTH   (59),62vS1
63 - 63 TAKOMA-PETWORTH   (59),63
64 - 64 FT TOTT-PETWORTH  (43),64
64 - 64 FT TOTT-PETWORTH  (43),64v1
70 - 70 GA AVE-7TH STREET (118),70
70 - 70 GA AVE-7TH STREET (118),70v1
74 - 74 CONVENTION CTR - S W WATERF,74
79 - 79 GEORGIA AVE LIMITED(107),79
7A - 7A LINC-N FAIRLNGTON (70),7A
7A - 7A LINC-N FAIRLNGTON (70),7Ac
7A - 7A LINC-N FAIRLNGTON (70),7Av1
7C - 7C LINCOLNIA - PARK CENTER PEN,7C
7F - 7F LINC-N FAIRLNGTON (70),7F
7H - 7H LINCOLNIA - PARK CENTER PEN,7H
7M - 7M MARK CENTER-PENT(80),7M
7M - 7M MARK CENTER-PENT(80),7Mv
7P - 7P LINCOLNIA - PARK CENTER PEN,7P
7W - 7W LINCOLNIA - PARK CENTER PEN,7W
7X - 7X LINCOLNIA - PARK CENTER PEN,7X
7Y - 7Y LINC-N FAIRLNGTON (70),7Y
7Y - 7Y LINC-N FAIRLNGTON (70),7Yc
7Y - 7Y LINC-N FAIRLNGTON (70),7Yv1
80 - 80 NORTH CAPITOL ST  (86),80
80 - 80 NORTH CAPITOL ST  (86),80c
80 - 80 NORTH CAPITOL ST  (86),80cv1
80 - 80 NORTH CAPITOL ST  (86),80v1
81 - 81 COLLEGE PARK     (74),81
82 - 82 COLLEGE PARK     (74),82
83 - 83 COLLEGE PARK     (74),83
86 - 86 COLLEGE PARK     (74),86
86 - 86 COLLEGE PARK     (74),86v2
87 - 87 LAUREL EXPRESS    (526),87
87 - 87 LAUREL EXPRESS    (526),87c
87 - 87 LAUREL EXPRESS    (526),87cv1
87 - 87 LAUREL EXPRESS    (526),87cv2
87 - 87 LAUREL EXPRESS    (526),87v1
87 - 87 LAUREL EXPRESS    (526),87v2
89 - 89 LAUREL            (525),89
89M - 89M LAUREL            (525),89M
89 - 89 LAUREL            (525),89v1
8S - 8S FOXCHASE-SEM VALL (106),8S
8W - 8W FOXCHASE-SEM VALL (106),8W
8Z - 8Z FOXCHASE-SEM VALL (106),8Z
90 - 90 U ST-GARFIELD     (130),90
90 - 90 U ST-GARFIELD     (130),90v1
90 - 90 U ST-GARFIELD     (130),90v2
92 - 92 U ST-GARFIELD     (130),92
92 - 92 U ST-GARFIELD     (130),92c
93 - 93 U ST-GARFIELD     (130),93
93 - 93 U ST-GARFIELD     (130),93cv1
94 - 94 STANTON ROAD      (141),94
96 - 96 EAST CAP-CARDOZO  (18),96
96 - 96 EAST CAP-CARDOZO  (18),96c
96 - 96 EAST CAP-CARDOZO  (18),96cv1
96 - 96 EAST CAP-CARDOZO  (18),96cv3
96 - 96 EAST CAP-CARDOZO  (18),96v1
96 - 96 EAST CAP-CARDOZO  (18),96v2
96 - 96 EAST CAP-CARDOZO  (18),96vS1
97 - 97 EAST CAP-CARDOZO  (18),97
97 - 97 EAST CAP-CARDOZO  (18),97vS1
9A - 9A HUNT-PENT (31),9A
9A - 9A HUNT-PENT (31),9Ac
A12 - A12 M L KING HIGHWAY  (90),A12
A12 - A12 M L KING HIGHWAY  (90),A12v2
A12 - A12 M L KING HIGHWAY  (90),A12v3
A12 - A12 M L KING HIGHWAY  (90),A12v4
A2 - A2 ANAC-CONG HGTS    (581),A2
A2 - A2 ANAC-CONG HGTS    (581),A2cvS
A2 - A2 ANAC-CONG HGTS    (581),A2v1
A2 - A2 ANAC-CONG HGTS    (581),A2vS1
A31 - A31 ANAC HS (504),A31
A32 - A32 ANAC HS (504),A32
A33 - A33 ANAC HS (504),A33
A4 - A4 ANAC-FORT DRUM    (582),A4
A42 - A42 ANAC-CONG HGTS    (581),A42
A42 - A42 ANAC-CONG HGTS    (581),A42v1
A46 - A46 ANAC-CONG HGTS    (581),A46
A46 - A46 ANAC-CONG HGTS    (581),A46v1
A48 - A48 ANAC-CONG HGTS    (581),A48
A48 - A48 ANAC-CONG HGTS    (581),A48v1
A4 - A4 ANAC-FORT DRUM    (582),A4c
A4 - A4 ANAC-FORT DRUM    (582),A4cv1
A4 - A4 ANAC-FORT DRUM    (582),A4cv2
A4 - A4 ANAC-FORT DRUM    (582),A4v1
A4 - A4 ANAC-FORT DRUM    (582),A4v2
A4 - A4 ANAC-FORT DRUM    (582),A4v3
A4 - A4 ANAC-FORT DRUM    (582),A4v4
A6 - A6 ANAC-CONG HGTS    (581),A6
A6 - A6 ANAC-CONG HGTS    (581),A6v1
A7 - A7 ANAC-CONG HGTS    (581),A7
A8 - A8 ANAC-CONG HGTS    (581),A8
A8 - A8 ANAC-CONG HGTS    (581),A8v1
A9 - A9 MLK AVE LIMITED(111),A9
B2 - B2 BLAD RD-ANACOSTIA (150),B2
B21 - B21 BOWIE STATE UNIV  (20),B21
B22 - B22 BOWIE STATE UNIV  (20),B22
B22 - B22 BOWIE STATE UNIV  (20),B22v1
B24 - B24 BOWIE-BELAIR     (19),B24
B25 - B25 BOWIE-BELAIR     (19),B25
B27 - B27 BOWIE-NEW CARROLL (65),B27
B29 - B29 CROFTON - NEW  CARR (634),B29
B29 - B29 CROFTON - NEW  CARR (634),B29v1
B2 - B2 BLAD RD-ANACOSTIA (150),B2c
B2 - B2 BLAD RD-ANACOSTIA (150),B2v1
B2 - B2 BLAD RD-ANACOSTIA (150),B2vS1
B2 - B2 BLAD RD-ANACOSTIA (150),B2vS2
B30 - B30 GREENBELT-BWI (647),B30
B31 - B31 CROFTON - NEW  CARR (634),B31
B51 - B51 BROOKLAND EDU CAMPUS(513),B51
B8 - B8 FT LINCOLN SHUT   (49),B8
B8 - B8 FT LINCOLN SHUT   (49),B8c
B8 - B8 FT LINCOLN SHUT   (49),B8v1
B9 - B9 FT LINCOLN SHUT   (49),B9
C11 - C11 CLINTON           (29),C11
C12 - C12 HILLCREST HEIGHTS (63),C12
C13 - C13 CLINTON           (29),C13
C14 - C14 HILLCREST HEIGHTS (63),C14
C2 - C2 GBLT-TWINBROOK    (13),C2
C21 - C21 CENTRAL AVENUE   (152),C21
C21 - C21 CENTRAL AVENUE   (152),C21c
C21 - C21 CENTRAL AVENUE   (152),C21v1
C22 - C22 CENTRAL AVENUE   (152),C22
C22 - C22 CENTRAL AVENUE   (152),C22v1
C26 - C26 CENTRAL AVENUE   (152),C26
C26 - C26 CENTRAL AVENUE   (152),C26c
C27 - C27 CENTRAL AVE EXTRA SERVICE,C27
C28 - C28 POINTER RIDGE     (26),C28
C28 - C28 POINTER RIDGE     (26),C28v1
C29 - C29 CENTRAL AVENUE   (152),C29c
C29 - C29 CENTRAL AVENUE   (152),C29v1
C29 - C29 CENTRAL AVENUE   (152),C29v2
C29 - C29 CENTRAL AVENUE   (152),C29v4
C2 - C2 GBLT-TWINBROOK    (13),C2v2
C2 - C2 GBLT-TWINBROOK    (13),C2v3
C4 - C4 GBLT-TWINBROOK    (13),C4
C40 - C40 CAP HILL CLUSTER  (586),C40
C4 - C4 GBLT-TWINBROOK    (13),C4c
C4 - C4 GBLT-TWINBROOK    (13),C4cv1
C4 - C4 GBLT-TWINBROOK    (13),C4v3
C8 - C8 COL PK-WHITE FLNT (103),C8
C8 - C8 COL PK-WHITE FLNT (103),C8v1
C8 - C8 COL PK-WHITE FLNT (103),C8v2
C8 - C8 COL PK-WHITE FLNT (103),C8v3
D1 - D1 GLOVER PK-FED TRIANGLE(22),D1
D12 - D12 OXON HILL-SUIT    (584),D12
D12 - D12 OXON HILL-SUIT    (584),D12v1
D12 - D12 OXON HILL-SUIT    (584),D12v2
D13 - D13 OXON HILL-SUIT    (584),D13
D13 - D13 OXON HILL-SUIT    (584),D13c
D14 - D14 OXON HILL-SUIT    (584),D14
D14 - D14 OXON HILL-SUIT    (584),D14c
D14 - D14 OXON HILL-SUIT    (584),D14v1
D2 - D2 GLOV PK-DUP CIRC  (51),D2
D2 - D2 GLOV PK-DUP CIRC  (51),D2v1
D3 - D3 IVY CITY-DUPONT CIRCLE(48),D3
D31 - D31 DEAL JR HI SCH   (517),D31
D32 - D32 DEAL JR HI SCH   (517),D32
D33 - D33 DEAL JR HI SCH   (517),D33
D34 - D34 DEAL JR HI SCH   (517),D34
D3 - D3 IVY CITY-DUPONT CIRCLE(48),D3c
D4 - D4 IVY CITY-FRANKLIN SQUARE(56,D4
D5 - D5 MAC BLVD-GEOTOWN  (37),D5
D51 - D51 D ELLINGTON H S   (549),D51
D6 - D6 SIBLEY-STAD ARM   (55),D6
D6 - D6 SIBLEY-STAD ARM   (55),D6c
D6 - D6 SIBLEY-STAD ARM   (55),D6cv1
D6 - D6 SIBLEY-STAD ARM   (55),D6v1
D8 - D8 HOSPITAL CENTER  (45),D8
D8 - D8 HOSPITAL CENTER  (45),D8c
D8 - D8 HOSPITAL CENTER  (45),D8v1
E2 - E2 MIL RD-CROSSTOWN  (77),E2
E2 - E2 MIL RD-CROSSTOWN  (77),E2cv1
E2 - E2 MIL RD-CROSSTOWN  (77),E2v1
E3 - E3 MIL RD-CROSSTOWN  (77),E3
E32 - E32 EASTERN HI SCH    (519),E32
E4 - E4 MIL RD-CROSSTOWN  (77),E4
E4 - E4 MIL RD-CROSSTOWN  (77),E4v3
E6 - E6 CHEVY CHASE       (71),E6
F1 - F1 CHILLUM ROAD     (28),F1
F12 - F12 ARD IND PK SHUT(10),F12
F12 - F12 ARD IND PK SHUT(10),F12c
F13 - F13 CHEV-WASH BUS PK  (149),F13
F13 - F13 CHEV-WASH BUS PK  (149),F13v1
F13 - F13 CHEV-WASH BUS PK  (149),F13v2
F14 - F14 SHER RD-CAP HGTS  (105),F14
F14 - F14 SHER RD-CAP HGTS  (105),F14v1
F2 - F2 CHILLUM ROAD     (28),F2
F2 - F2 CHILLUM ROAD     (28),F2c
F2 - F2 CHILLUM ROAD     (28),F2v1
F4 - F4 NEW CARR - SILVER SPRING(97,F4
F4 - F4 NEW CARR - SILVER SPRING(97,F4c
F4 - F4 NEW CARR - SILVER SPRING(97,F4v1
F6 - F6 NEW CARR - FORT TOTTEN(98),F6
F6 - F6 NEW CARR - FORT TOTTEN(98),F6cS1
F6 - F6 NEW CARR - FORT TOTTEN(98),F6v1
F8 - F8 LANGLEY PARK - CHEVERLY(96),F8
G12 - G12 GREENBELT-NEW CARR(527),G12
G12 - G12 GREENBELT-NEW CARR(527),G12c
G12 - G12 GREENBELT-NEW CARR(527),G12cv1
G12 - G12 GREENBELT-NEW CARR(527),G12v1
G13 - G13 GREENBELT-NEW CARR(527),G13
G14 - G14 GREENBELT-NEW CARR(527),G14
G14 - G14 GREENBELT-NEW CARR(527),G14v1
G16 - G16 GREENBELT-NEW CARR(527),G16
G16 - G16 GREENBELT-NEW CARR(527),G16v1
G2 - G2 P ST-LEDROIT PARK (89),G2
G2 - G2 P ST-LEDROIT PARK (89),G2cv1
G8 - G8 RHODE ISLAND AVE(101),G8
G8 - G8 RHODE ISLAND AVE(101),G8c
H1 - H1 BROOKLAND-POT PK  (62),H1
H11 - H11 MAR HTS-TEMP HILL (73),H11
H12 - H12 MAR HTS-TEMP HILL (73),H12
H12 - H12 MAR HTS-TEMP HILL (73),H12v1
H13 - H13 MAR HTS-TEMP HILL (73),H13
H2 - H2 CROSSTOWN        (35),H2
H3 - H3 CROSSTOWN        (35),H3
H4 - H4 CROSSTOWN        (35),H4
H4 - H4 CROSSTOWN        (35),H4vS
H6 - H6 BROOKLAND-FT LINCOLN(34),H6
H6 - H6 BROOKLAND-FT LINCOLN(34),H6c
H8 - H8 PARK RD-BROOKLAND (91),H8
H9 - H9 PARK RD-BROOKLAND (91),H9
J1 - J1 BETHESDA-SIL SPR  (16),J1
J11 - J11 MARLBORO PIKE    (72),J11
J12 - J12 MARLBORO PIKE    (72),J12
J13 - J13 MARLBORO PIKE    (72),J13
J2 - J2 BETHESDA-SIL SPR  (16),J2
J2 - J2 BETHESDA-SIL SPR  (16),J2v1
J3 - J3 BETHESDA-SIL SPR  (16),J3
J4 - J4 COLLEGE PK-BETH LIMITED(629,J4
J5 - J5 TWINBROOK-SIL SPG (67),J5
J5 - J5 TWINBROOK-SIL SPG (67),J5c
J7 - J7 I-270 EXPRESS     (6),J7
J9 - J9 I-270 EXPRESS     (6),J9
K11 - K11 FORESTVILLE       (47),K11
K12 - K12 FORESTVILLE       (47),K12
K12 - K12 FORESTVILLE       (47),K12c
K12 - K12 FORESTVILLE       (47),K12v1
K12 - K12 FORESTVILLE       (47),K12v2
K13 - K13 FORESTVILLE       (47),K13
K2 - K2 TAKOMA-FT TOTTEN  (583),K2
K6 - K6 NEW HAMP AVE-MD  (85),K6
K6 - K6 NEW HAMP AVE-MD  (85),K6v2
K9 - K9 NEW HAMPSHRE AVE-MD LTD(83),K9
K9 - K9 NEW HAMPSHRE AVE-MD LTD(83),K9v1
L1 - L1 CONNECTICUT AVE   (32),L1
L2 - L2 CONNECTICUT AVE   (32),L2
L2 - L2 CONNECTICUT AVE   (32),L2v1
L8 - L8 CONN AVE-MD       (33),L8
M31 - M31 MCKINLEY HI SCH (545),M31
M4 - M4 NEBRASKA AVENUE   (84),M4
M4 - M4 NEBRASKA AVENUE   (84),M4c
M4 - M4 NEBRASKA AVENUE   (84),M4v1
M6 - M6 FAIRFAX VILLAGE   (46),M6
M6 - M6 FAIRFAX VILLAGE   (46),M6c
MW1 - MW1 METROWAY-POTOMAC YARD(148,MW1
MW1 - MW1 METROWAY-POTOMAC YARD(148,MW1c
N2 - N2 MASS AVENUE       (75),N2
N3 - N3 MASS AVENUE       (75),N3
N3 - N3 MASS AVENUE       (75),N3v1
N4 - N4 MASS AVENUE       (75),N4
N4 - N4 MASS AVENUE       (75),N4v1
N6 - N6 MASS AVENUE       (75),N6
NH1 - NH1 NATIONAL HARBOR(7),NH1
NH1 - NH1 NATIONAL HARBOR(7),NH1v1
NH3 - NH3 NATIONAL HARBOR(7),NH3
P12 - P12 EASTOVER-ADDISON  (41),P12
P12 - P12 EASTOVER-ADDISON  (41),P12v1
P12 - P12 EASTOVER-ADDISON  (41),P12v2
P12 - P12 EASTOVER-ADDISON  (41),P12v3
P12 - P12 EASTOVER-ADDISON  (41),P12v4
P17 - P17 OXON HILL-FT WASH (88),P17
P18 - P18 OXON HILL-FT WASH (88),P18
P19 - P19 OXON HILL-FT WASH (88),P19
P6 - P6 ANAC-ECKINGTON   (544),P6
P6 - P6 ANAC-ECKINGTON   (544),P6c
P6 - P6 ANAC-ECKINGTON   (544),P6v1
Q1 - Q1 VEIRS MILL RD     (123),Q1
Q2 - Q2 VEIRS MILL RD     (123),Q2
Q2 - Q2 VEIRS MILL RD     (123),Q2cv1
Q2 - Q2 VEIRS MILL RD     (123),Q2v2
Q4 - Q4 VEIRS MILL RD     (123),Q4
Q4 - Q4 VEIRS MILL RD     (123),Q4v1
Q5 - Q5 VEIRS MILL RD     (123),Q5
Q6 - Q6 VEIRS MILL RD     (123),Q6
Q6 - Q6 VEIRS MILL RD     (123),Q6v1
R1 - R1 RIGGS ROAD        (800),R1
R11 - R11 KENILWORTH AVENUE (36),R11
R12 - R12 KENILWORTH AVENUE (36),R12
R2 - R2 RIGGS ROAD        (800),R2
R2 - R2 RIGGS ROAD        (800),R2v1
R2 - R2 RIGGS ROAD        (800),R2v2
R3 - R3 GBLT- P G PLAZA(801),R3
R4 - R4 QUEENS CHAPEL RD  (802),R4
REX - REX RICH HWY EXPRESS(131),R99
S1 - S1 16TH ST-POT PARK  (109),S1
S1 - S1 16TH ST-POT PARK  (109),S1v1
S2 - S2 SIXTEENTH STREET  (108),S2
S2 - S2 SIXTEENTH STREET  (108),S2c3
S2 - S2 SIXTEENTH STREET  (108),S2c4
S2 - S2 SIXTEENTH STREET  (108),S2c5
S2 - S2 SIXTEENTH STREET  (108),S2cv1
S2 - S2 SIXTEENTH STREET  (108),S2cv3
S2 - S2 SIXTEENTH STREET  (108),S2v1
S2 - S2 SIXTEENTH STREET  (108),S2v2
S2 - S2 SIXTEENTH STREET  (108),S2v3
S2 - S2 SIXTEENTH STREET  (108),S2v5
S35 - S35 SOUSA MIDDLE SCH  (539),S35
S4 - S4 SIXTEENTH STREET  (108),S4
S41 - S41 PHELPS HIGH SCH(540),S41
S4 - S4 SIXTEENTH STREET  (108),S4c
S4 - S4 SIXTEENTH STREET  (108),S4cv1
S4 - S4 SIXTEENTH STREET  (108),S4v1
S80 - S80 SPRINGFIELD CIRC (TAGS)(6,S80
S9 - S9 16TH ST LIMITED(112),S9
S91 - S91 SPRINGFIELD CIRC (TAGS)(6,S91
T14 - T14 RI AVE-NEW CARR   (542),T14
T14 - T14 RI AVE-NEW CARR   (542),T14v1
T18 - T18 ANNAPOLIS ROAD    (9),T18
T18 - T18 ANNAPOLIS ROAD    (9),T18v1
T2 - T2 RIVER ROAD        (102),T2
U2 - U2 MINN AVE-ANAC     (134),U2
U4 - U4 SHER RD-RIV TERR  (78),U4
U4 - U4 SHER RD-RIV TERR  (78),U4c
U5 - U5 MAYFAIR-MARS HGTS (135),U5
U5 - U5 MAYFAIR-MARS HGTS (135),U5cv3
U5 - U5 MAYFAIR-MARS HGTS (135),U5v2
U6 - U6 MAYFAIR-MARS HGTS (135),U6
U6 - U6 MAYFAIR-MARS HGTS (135),U6c
U6 - U6 MAYFAIR-MARS HGTS (135),U6cv2
U6 - U6 MAYFAIR-MARS HGTS (135),U6cv4
U6 - U6 MAYFAIR-MARS HGTS (135),U6v2
U8 - U8 CAP HTS-BENN HTS  (44),U8
U8 - U8 CAP HTS-BENN HTS  (44),U8c
U8 - U8 CAP HTS-BENN HTS  (44),U8cv1
U8 - U8 CAP HTS-BENN HTS  (44),U8v1
V12 - V12 DIST HTS-SUITLAND(790),V12
V14 - V14 DIS HTS-SEAT PLEA (38),V14
V14 - V14 DIS HTS-SEAT PLEA (38),V14c
V14 - V14 DIS HTS-SEAT PLEA (38),V14v1
V15 - V15 DIS HTS-SEAT PLEA (38),V15
V15 - V15 DIS HTS-SEAT PLEA (38),V15c
V5 - V5 FX VILL-LENF PLAZ (57),V5
V7 - V7 MINN AVE-M STREET (114),V7
V7 - V7 MINN AVE-M STREET (114),V7c
V7 - V7 MINN AVE-M STREET (114),V7cv1
V7 - V7 MINN AVE-M STREET (114),V7cv2
V7 - V7 MINN AVE-M STREET (114),V7v1
V7 - V7 MINN AVE-M STREET (114),V7v2
V8 - V8 MINN AVE-M STREET (114),V8
V9 - V9 MINN AVE-M STREET (114),V9
W1 - W1 SHIPLEY TERR - FT DRUM(82),W1
W13 - W13 BOCK ROAD         (580),W13
W13 - W13 BOCK ROAD         (580),W13c
W13 - W13 BOCK ROAD         (580),W13v1
W14 - W14 BOCK ROAD         (580),W14
W15 - W15 CAMP SPRINGS-INDIAN HEAD ,W15
W19 - W19 INDIAN HEAD EXP (645),W19
W19 - W19 INDIAN HEAD EXP (645),W19v1
W19 - W19 INDIAN HEAD EXP (645),W19v2
W2 - W2 UNITED MED CTR-ANAC(158),W2
W2 - W2 UNITED MED CTR-ANAC(158),W2c
W2 - W2 UNITED MED CTR-ANAC(158),W2cv1
W2 - W2 UNITED MED CTR-ANAC(158),W2v1
W2 - W2 UNITED MED CTR-ANAC(158),W2v2
W2 - W2 UNITED MED CTR-ANAC(158),W2v3
W2 - W2 UNITED MED CTR-ANAC(158),W2v4
W2 - W2 UNITED MED CTR-ANAC(158),W2v5
W3 - W3 UNITED MED CTR-ANAC(158),W3
W3 - W3 UNITED MED CTR-ANAC(158),W3v1
W4 - W4 DEANWOOD-ALAB AVE (95),W4
W45 - W45 WILSON HI SCH     (550),W45
W47 - W47 WILSON HI SCH     (550),W47
W4 - W4 DEANWOOD-ALAB AVE (95),W4c
W5 - W5 ANAC-FORT DRUM    (582),W5
W6 - W6 GARFELD-ANAC LOOP (15),W6
W6 - W6 GARFELD-ANAC LOOP (15),W6v1
W8 - W8 GARFELD-ANAC LOOP (15),W8
W8 - W8 GARFELD-ANAC LOOP (15),W8c
W8 - W8 GARFELD-ANAC LOOP (15),W8v1
W9 - W9 SOUTH CAP ST LIMITED(587),W9
W9 - W9 SOUTH CAP ST LIMITED(587),W9c
W9 - W9 SOUTH CAP ST LIMITED(587),W9v1
X1 - X1 BENNING ROAD      (151),X1
X2 - X2 BENNING RD-H ST   (14),X2
X2 - X2 BENNING RD-H ST   (14),X2c
X2 - X2 BENNING RD-H ST   (14),X2v1
X2 - X2 BENNING RD-H ST   (14),X2vS1
X2 - X2 BENNING RD-H ST   (14),X2vS2
X2 - X2 BENNING RD-H ST   (14),X2vS3
X3 - X3 BENNING ROAD      (151),X3
X3 - X3 BENNING ROAD      (151),X3v1
X8 - X8 MARYLAND AVENUE   (25),X8
X9 - X9 BENNING RD-H ST LTD(11),X9
Y2 - Y2 GEORGIA AVE-MD  (53),Y2
Y7 - Y7 GEORGIA AVE-MD  (53),Y7
Y7 - Y7 GEORGIA AVE-MD  (53),Y7c
Y8 - Y8 GEORGIA AVE-MD  (53),Y8
Z11 - Z11 GRNCASTLE-BRG CHANEY EXP ,Z11
Z11 - Z11 GRNCASTLE-BRG CHANEY EXP ,Z11v1
Z13 - Z13 GRNCASTLE-BRG CHANEY EXP ,Z13
Z29 - Z29 LAUREL-BURTONSVILL EXP (1,Z29
Z29 - Z29 LAUREL-BURTONSVILL EXP (1,Z29v1
Z29 - Z29 LAUREL-BURTONSVILL EXP (1,Z29v2
Z2 - Z2 COLESVILLE - ASHTON     (30,Z2v2
Z2 - Z2 COLESVILLE - ASHTON     (30,Z2v4
Z2 - Z2 COLESVILLE - ASHTON     (30,Z2v5
Z2 - Z2 COLESVILLE - ASHTON     (30,Z2vS
Z6 - Z6 CALVERTON-WESTFARM  (146),Z6
Z6 - Z6 CALVERTON-WESTFARM  (146),Z6c
Z6 - Z6 CALVERTON-WESTFARM  (146),Z6v1
Z8 - Z8 FAIRLAND          (147),Z8
Z8 - Z8 FAIRLAND          (147),Z8c
Z8 - Z8 FAIRLAND          (147),Z8v1
Z8 - Z8 FAIRLAND          (147),Z8v2
Z8 - Z8 FAIRLAND          (147),Z8v3
Z8 - Z8 FAIRLAND          (147),Z8v4
Z8 - Z8 FAIRLAND          (147),Z8v5
Z8 - Z8 FAIRLAND          (147),Z8v9
Z9 - Z9 LAUREL-BURTONSVILL EXP (104,Z9
Z9 - Z9 LAUREL-BURTONSVILL EXP (104,Z9c
Z9 - Z9 LAUREL-BURTONSVILL EXP (104,Z9v1
Z9 - Z9 LAUREL-BURTONSVILL EXP (104,Z9v2
